index	prediction
0	1
1	1
2	1
3	1
4	0
5	1
6	0
7	1
8	1
9	0
10	1
11	1
12	1
13	1
14	1
15	1
16	1
17	1
18	1
19	1
20	1
21	1
22	1
23	1
24	0
25	1
26	1
27	1
28	1
29	0
30	1
31	0
32	0
33	0
34	1
35	0
36	1
37	1
38	0
39	1
40	1
41	0
42	0
43	1
44	1
45	0
46	0
47	0
48	1
49	1
50	1
51	1
52	1
53	1
54	0
55	1
56	1
57	1
58	0
59	1
60	1
61	1
62	1
63	1
64	1
65	1
66	1
67	1
68	1
69	1
70	0
71	0
72	1
73	0
74	1
75	1
76	1
77	1
78	1
79	0
80	1
81	0
82	1
83	0
84	0
85	0
86	0
87	1
88	0
89	1
90	0
91	1
92	1
93	0
94	1
95	0
96	0
97	1
98	1
99	1
100	1
101	1
102	1
103	1
104	1
105	0
106	0
107	1
108	1
109	1
110	1
111	0
112	0
113	1
114	1
115	0
116	0
117	0
118	1
119	1
120	1
121	0
122	1
123	0
124	1
125	1
126	1
127	1
128	0
129	1
130	1
131	1
132	1
133	0
134	1
135	0
136	1
137	1
138	1
139	1
140	1
141	1
142	1
143	1
144	1
145	1
146	0
147	1
148	1
149	1
150	1
151	1
152	0
153	0
154	1
155	1
156	1
157	1
158	0
159	1
160	1
161	1
162	1
163	1
164	0
165	1
166	1
167	0
168	1
169	1
170	1
171	1
172	1
173	0
174	0
175	1
176	1
177	0
178	1
179	1
180	0
181	0
182	1
183	1
184	1
185	1
186	0
187	0
188	1
189	1
190	0
191	0
192	1
193	1
194	0
195	0
196	0
197	1
198	1
199	1
200	0
201	1
202	1
203	1
204	1
205	1
206	1
207	1
208	0
209	1
210	0
211	1
212	0
213	1
214	1
215	0
216	1
217	1
218	0
219	1
220	1
221	0
222	1
223	1
224	0
225	1
226	1
227	1
228	0
229	0
230	1
231	0
232	1
233	1
234	0
235	1
236	1
237	1
238	0
239	0
240	1
241	0
242	1
243	1
244	0
245	1
246	1
247	0
248	1
249	1
250	1
251	1
252	0
253	1
254	1
255	1
256	1
257	1
258	1
259	1
260	1
261	1
262	1
263	1
264	0
265	1
266	1
267	0
268	1
269	1
270	1
271	0
272	1
273	0
274	0
275	0
276	1
277	0
278	1
279	1
280	1
281	0
282	1
283	1
284	1
285	0
286	1
287	0
288	0
289	0
290	1
291	1
292	1
293	1
294	1
295	1
296	0
297	0
298	1
299	1
300	1
301	1
302	0
303	1
304	1
305	0
306	1
307	1
308	1
309	1
310	1
311	1
312	1
313	1
314	1
315	1
316	1
317	1
318	1
319	0
320	1
321	1
322	1
323	1
324	1
325	1
326	1
327	0
328	0
329	0
330	0
331	1
332	1
333	1
334	1
335	0
336	1
337	1
338	1
339	1
340	1
341	1
342	1
343	1
344	0
345	1
346	1
347	0
348	1
349	1
350	1
351	1
352	0
353	1
354	0
355	0
356	0
357	0
358	1
359	0
360	0
361	0
362	1
363	1
364	0
365	1
366	0
367	0
368	0
369	1
370	1
371	1
372	1
373	1
374	1
375	0
376	1
377	1
378	0
379	0
380	1
381	1
382	1
383	1
384	0
385	0
386	1
387	1
388	1
389	1
390	1
391	0
392	0
393	1
394	0
395	1
396	1
397	1
398	0
399	0
400	1
401	1
402	0
403	1
404	1
405	1
406	0
407	1
408	0
409	1
410	0
411	0
412	1
413	1
414	1
415	0
416	0
417	1
418	1
419	1
420	1
421	1
422	1
423	1
424	0
425	0
426	0
427	1
428	0
429	1
430	0
431	1
432	1
433	1
434	1
435	1
436	1
437	0
438	1
439	0
440	0
441	0
442	1
443	1
444	1
445	1
446	1
447	1
448	1
449	1
450	0
451	1
452	1
453	0
454	1
455	1
456	1
457	1
458	0
459	1
460	0
461	1
462	1
463	1
464	0
465	0
466	1
467	1
468	1
469	1
470	0
471	1
472	1
473	1
474	1
475	1
476	1
477	1
478	1
479	1
480	0
481	1
482	1
483	1
484	0
485	1
486	1
487	1
488	1
489	1
490	1
491	1
492	1
493	1
494	1
495	1
496	1
497	1
498	0
499	1
500	1
501	1
502	1
503	0
504	1
505	1
506	1
507	1
508	1
509	0
510	1
511	1
512	0
513	1
514	1
515	1
516	1
517	1
518	1
519	1
520	1
521	1
522	1
523	1
524	1
525	1
526	0
527	1
528	1
529	1
530	1
531	1
532	1
533	0
534	1
535	1
536	1
537	1
538	0
539	1
540	1
541	1
542	1
543	1
544	1
545	1
546	1
547	0
548	0
549	1
550	1
551	1
552	1
553	1
554	0
555	1
556	1
557	1
558	1
559	1
560	1
561	1
562	0
563	0
564	1
565	0
566	1
567	1
568	0
569	0
570	1
571	1
572	1
573	0
574	1
575	1
576	1
577	1
578	1
579	1
580	1
581	1
582	1
583	1
584	1
585	1
586	0
587	1
588	1
589	1
590	0
591	1
592	1
593	0
594	0
595	1
596	1
597	0
598	1
599	0
600	1
601	1
602	0
603	1
604	0
605	1
606	1
607	0
608	0
609	1
610	1
611	1
612	0
613	1
614	1
615	1
616	1
617	1
618	1
619	1
620	1
621	0
622	0
623	0
624	1
625	0
626	1
627	1
628	0
629	1
630	0
631	0
632	1
633	1
634	0
635	1
636	1
637	1
638	1
639	1
640	1
641	1
642	1
643	1
644	1
645	1
646	1
647	1
648	1
649	0
650	1
651	1
652	0
653	1
654	1
655	1
656	1
657	1
658	1
659	1
660	1
661	1
662	1
663	1
664	1
665	0
666	1
667	0
668	0
669	0
670	1
671	1
672	0
673	1
674	1
675	0
676	1
677	1
678	1
679	1
680	0
681	1
682	0
683	1
684	0
685	1
686	1
687	0
688	0
689	1
690	1
691	0
692	0
693	1
694	0
695	0
696	1
697	1
698	0
699	1
700	0
701	1
702	1
703	1
704	1
705	0
706	0
707	0
708	1
709	1
710	0
711	0
712	1
713	1
714	0
715	0
716	1
717	1
718	0
719	1
720	1
721	1
722	0
723	0
724	1
725	1
726	1
727	1
728	1
729	1
730	1
731	1
732	1
733	0
734	1
735	1
736	1
737	1
738	1
739	0
740	1
741	1
742	1
743	1
744	1
745	0
746	1
747	0
748	1
749	0
750	1
751	1
752	1
753	1
754	1
755	1
756	1
757	1
758	1
759	1
760	1
761	1
762	1
763	1
764	1
765	1
766	1
767	1
768	1
769	0
770	1
771	1
772	1
773	1
774	1
775	1
776	1
777	1
778	0
779	1
780	1
781	0
782	1
783	0
784	1
785	1
786	1
787	0
788	1
789	1
790	1
791	1
792	0
793	1
794	1
795	1
796	0
797	0
798	1
799	1
800	0
801	0
802	1
803	1
804	0
805	1
806	1
807	0
808	1
809	0
810	1
811	1
812	1
813	1
814	0
815	1
816	0
817	0
818	0
819	1
820	0
821	0
822	1
823	1
824	1
825	1
826	0
827	0
828	0
829	1
830	1
831	1
832	1
833	0
834	1
835	0
836	1
837	1
838	1
839	0
840	1
841	0
842	1
843	1
844	0
845	1
846	1
847	1
848	0
849	1
850	0
851	0
852	1
853	1
854	1
855	0
856	1
857	1
858	1
859	1
860	1
861	1
862	0
863	1
864	1
865	1
866	0
867	1
868	1
869	1
870	0
871	1
872	1
873	1
874	1
875	0
876	1
877	0
878	0
879	1
880	1
881	0
882	1
883	1
884	1
885	1
886	1
887	1
888	0
889	1
890	1
891	1
892	0
893	1
894	0
895	0
896	0
897	1
898	1
899	1
900	1
901	1
902	0
903	1
904	1
905	1
906	1
907	1
908	1
909	1
910	0
911	1
912	0
913	0
914	1
915	1
916	1
917	1
918	0
919	1
920	1
921	1
922	1
923	0
924	1
925	1
926	1
927	1
928	0
929	1
930	1
931	0
932	0
933	0
934	0
935	1
936	1
937	1
938	1
939	1
940	1
941	1
942	1
943	1
944	1
945	1
946	1
947	1
948	1
949	1
950	0
951	1
952	0
953	1
954	1
955	1
956	1
957	1
958	1
959	1
960	1
961	1
962	1
963	1
964	0
965	1
966	1
967	1
968	1
969	1
970	1
971	1
972	0
973	1
974	1
975	1
976	1
977	1
978	1
979	1
980	1
981	0
982	0
983	1
984	0
985	1
986	1
987	1
988	1
989	0
990	1
991	1
992	1
993	1
994	0
995	1
996	1
997	1
998	1
999	1
1000	0
1001	1
1002	0
1003	0
1004	1
1005	0
1006	1
1007	0
1008	1
1009	1
1010	1
1011	0
1012	1
1013	1
1014	1
1015	1
1016	0
1017	1
1018	1
1019	0
1020	1
1021	1
1022	1
1023	1
1024	1
1025	0
1026	0
1027	1
1028	1
1029	1
1030	1
1031	1
1032	1
1033	1
1034	1
1035	1
1036	1
1037	1
1038	1
1039	1
1040	0
1041	1
1042	0
1043	0
1044	1
1045	1
1046	1
1047	0
1048	1
1049	1
1050	1
1051	1
1052	0
1053	1
1054	0
1055	1
1056	1
1057	1
1058	1
1059	1
1060	0
1061	1
1062	1
1063	1
1064	1
1065	1
1066	1
1067	1
1068	1
1069	1
1070	1
1071	1
1072	1
1073	1
1074	1
1075	1
1076	1
1077	1
1078	1
1079	1
1080	0
1081	0
1082	1
1083	1
1084	1
1085	1
1086	1
1087	1
1088	1
1089	1
1090	1
1091	0
1092	1
1093	0
1094	1
1095	1
1096	1
1097	1
1098	1
1099	1
1100	1
1101	1
1102	1
1103	1
1104	1
1105	0
1106	1
1107	0
1108	1
1109	1
1110	1
1111	1
1112	0
1113	0
1114	1
1115	1
1116	0
1117	1
1118	1
1119	1
1120	0
1121	0
1122	1
1123	1
1124	0
1125	1
1126	0
1127	0
1128	1
1129	1
1130	1
1131	1
1132	0
1133	1
1134	0
1135	1
1136	1
1137	1
1138	0
1139	0
1140	1
1141	1
1142	1
1143	1
1144	1
1145	1
1146	1
1147	0
1148	0
1149	1
1150	1
1151	1
1152	0
1153	1
1154	1
1155	1
1156	1
1157	0
1158	0
1159	1
1160	0
1161	1
1162	0
1163	1
1164	1
1165	0
1166	0
1167	1
1168	1
1169	1
1170	1
1171	1
1172	1
1173	1
1174	1
1175	0
1176	1
1177	1
1178	1
1179	1
1180	1
1181	1
1182	1
1183	1
1184	1
1185	1
1186	0
1187	1
1188	1
1189	1
1190	1
1191	0
1192	1
1193	1
1194	1
1195	1
1196	0
1197	1
1198	1
1199	1
1200	0
1201	1
1202	0
1203	1
1204	0
1205	1
1206	0
1207	1
1208	1
1209	1
1210	1
1211	1
1212	1
1213	0
1214	1
1215	1
1216	1
1217	1
1218	1
1219	0
1220	1
1221	1
1222	1
1223	1
1224	0
1225	1
1226	1
1227	1
1228	1
1229	1
1230	1
1231	0
1232	1
1233	0
1234	0
1235	1
1236	1
1237	1
1238	1
1239	1
1240	1
1241	0
1242	1
1243	1
1244	1
1245	1
1246	0
1247	1
1248	1
1249	0
1250	1
1251	1
1252	1
1253	1
1254	1
1255	1
1256	1
1257	1
1258	0
1259	1
1260	1
1261	1
1262	1
1263	1
1264	1
1265	1
1266	1
1267	1
1268	1
1269	1
1270	1
1271	1
1272	1
1273	0
1274	0
1275	1
1276	1
1277	1
1278	0
1279	0
1280	1
1281	1
1282	1
1283	0
1284	1
1285	1
1286	1
1287	1
1288	1
1289	1
1290	1
1291	1
1292	0
1293	0
1294	0
1295	1
1296	1
1297	1
1298	1
1299	1
1300	0
1301	1
1302	1
1303	1
1304	1
1305	0
1306	0
1307	1
1308	1
1309	0
1310	1
1311	1
1312	1
1313	1
1314	1
1315	1
1316	1
1317	1
1318	0
1319	1
1320	1
1321	0
1322	1
1323	1
1324	1
1325	1
1326	0
1327	1
1328	1
1329	0
1330	1
1331	1
1332	1
1333	0
1334	1
1335	0
1336	1
1337	0
1338	0
1339	1
1340	0
1341	1
1342	0
1343	1
1344	1
1345	0
1346	1
1347	1
1348	1
1349	1
1350	0
1351	1
1352	1
1353	0
1354	0
1355	0
1356	1
1357	1
1358	0
1359	1
1360	1
1361	1
1362	1
1363	0
1364	1
1365	0
1366	0
1367	1
1368	1
1369	1
1370	0
1371	0
1372	1
1373	1
1374	0
1375	1
1376	1
1377	1
1378	1
1379	1
1380	1
1381	1
1382	1
1383	1
1384	1
1385	1
1386	0
1387	1
1388	1
1389	1
1390	0
1391	0
1392	0
1393	1
1394	1
1395	1
1396	1
1397	1
1398	1
1399	0
1400	0
1401	0
1402	1
1403	0
1404	1
1405	1
1406	1
1407	1
1408	0
1409	1
1410	0
1411	1
1412	1
1413	1
1414	0
1415	1
1416	1
1417	1
1418	1
1419	1
1420	1
1421	1
1422	0
1423	0
1424	0
1425	1
1426	0
1427	1
1428	1
1429	1
1430	1
1431	1
1432	1
1433	0
1434	0
1435	1
1436	1
1437	1
1438	1
1439	1
1440	1
1441	1
1442	1
1443	0
1444	0
1445	1
1446	1
1447	1
1448	0
1449	1
1450	1
1451	0
1452	0
1453	1
1454	1
1455	1
1456	1
1457	1
1458	1
1459	1
1460	1
1461	1
1462	1
1463	0
1464	1
1465	1
1466	1
1467	0
1468	1
1469	0
1470	0
1471	1
1472	1
1473	0
1474	1
1475	0
1476	1
1477	1
1478	0
1479	0
1480	1
1481	0
1482	1
1483	0
1484	0
1485	1
1486	0
1487	1
1488	1
1489	1
1490	0
1491	1
1492	1
1493	1
1494	1
1495	1
1496	1
1497	0
1498	0
1499	0
1500	1
1501	1
1502	0
1503	0
1504	1
1505	1
1506	1
1507	1
1508	1
1509	0
1510	1
1511	1
1512	1
1513	1
1514	0
1515	1
1516	0
1517	1
1518	0
1519	0
1520	0
1521	0
1522	0
1523	1
1524	1
1525	1
1526	1
1527	1
1528	0
1529	1
1530	1
1531	1
1532	1
1533	1
1534	1
1535	0
1536	1
1537	1
1538	1
1539	0
1540	0
1541	1
1542	0
1543	1
1544	0
1545	1
1546	1
1547	0
1548	1
1549	1
1550	1
1551	0
1552	0
1553	0
1554	1
1555	1
1556	0
1557	1
1558	0
1559	1
1560	1
1561	0
1562	1
1563	1
1564	0
1565	0
1566	1
1567	1
1568	1
1569	1
1570	0
1571	1
1572	0
1573	1
1574	1
1575	1
1576	1
1577	0
1578	0
1579	1
1580	1
1581	1
1582	0
1583	1
1584	0
1585	1
1586	0
1587	1
1588	1
1589	1
1590	1
1591	1
1592	1
1593	1
1594	1
1595	1
1596	1
1597	1
1598	0
1599	1
1600	1
1601	1
1602	1
1603	1
1604	1
1605	1
1606	1
1607	1
1608	0
1609	1
1610	0
1611	1
1612	1
1613	1
1614	1
1615	1
1616	1
1617	0
1618	1
1619	1
1620	1
1621	0
1622	1
1623	1
1624	0
1625	1
1626	1
1627	0
1628	1
1629	1
1630	0
1631	1
1632	1
1633	1
1634	1
1635	1
1636	1
1637	1
1638	0
1639	0
1640	0
1641	1
1642	1
1643	1
1644	1
1645	1
1646	1
1647	0
1648	1
1649	1
1650	0
1651	0
1652	0
1653	1
1654	1
1655	1
1656	0
1657	0
1658	1
1659	1
1660	0
1661	0
1662	0
1663	1
1664	1
1665	1
1666	0
1667	1
1668	0
1669	0
1670	1
1671	1
1672	1
1673	1
1674	1
1675	1
1676	1
1677	1
1678	1
1679	1
1680	0
1681	1
1682	1
1683	0
1684	1
1685	1
1686	0
1687	0
1688	1
1689	0
1690	1
1691	0
1692	1
1693	1
1694	0
1695	1
1696	1
1697	0
1698	0
1699	1
1700	0
1701	1
1702	0
1703	1
1704	1
1705	1
1706	1
1707	0
1708	1
1709	1
1710	1
1711	1
1712	1
1713	0
1714	1
1715	1
1716	1
1717	1
1718	0
1719	1
1720	0
1721	0
1722	1
1723	1
1724	1
